{"49.0068908,2.571082_49.0032865,2.5176985": 5.7865, "49.0068908,2.571082_48.8588897,2.320041": 31.270799999999998, "49.0068908,2.571082_48.681708,2.1701573": 61.0758, "49.0068908,2.571082_49.4404591,1.0939658": 155.8201, "49.0068908,2.571082_44.4347105,5.9496043": 724.497, "49.0068908,2.571082_48.9478648,2.3849472": 20.5695, "49.0068908,2.571082_48.8534951,2.3483915": 29.3428}