{"80 Bd Maxime Gorki, 93240 Stains": [48.9478648, 2.3849472], " 80 Bd Maxime Gorki, 93240 Stains": [48.9478648, 2.3849472]}